{"cameraMode":{"drawMode":0,"name":"Shaded","section":"Shading Mode"},"sceneLighting":true,"audioPlay":false,"sceneViewState":{"m_AlwaysRefresh":false,"showFog":true,"showSkybox":true,"showFlares":true,"showImageEffects":true,"showParticleSystems":true,"showVisualEffectGraphs":true,"m_FxEnabled":true},"in2DMode":false,"pivot":{"x":83.27981567382813,"y":1143.8895263671875,"z":-226.52371215820313},"rotation":{"x":-0.5206437706947327,"y":0.05257375165820122,"z":-0.032171785831451419,"w":-0.8514342308044434},"size":8.892168998718262,"orthographic":false}