{"cameraMode":{"drawMode":0,"name":"Shaded","section":"Shading Mode"},"sceneLighting":true,"audioPlay":false,"sceneViewState":{"m_AlwaysRefresh":false,"showFog":true,"showSkybox":true,"showFlares":true,"showImageEffects":true,"showParticleSystems":true,"showVisualEffectGraphs":true,"m_FxEnabled":true},"in2DMode":false,"pivot":{"x":359.79974365234377,"y":-659.4863891601563,"z":632.3885498046875},"rotation":{"x":0.4748592972755432,"y":-0.0075423456728458408,"z":0.004071016330271959,"w":0.8800145387649536},"size":914.0602416992188,"orthographic":false}